player_id,name,registration_date,country,cost_of_acquisition,deposit_amount,DEPOSITOS,deposit_date
23b8c1e9-3924-46de-beb1-3b9046685257,"Derek Anderson",2023-07-27,France,111.22,110.55,1,2023-08-21
e465e150-bd9c-46b3-ad3c-2d6d1a3d1fa7,"Michael Martinez",2023-02-28,Niue,234.12,338.13,1,2023-05-03
0822e8f3-6c03-4199-972a-846916419f82,"Cynthia Moore",2022-01-24,Mexico,71.73,342.72,1,2023-06-12
815ef6d1-3b8f-4a18-b7f8-a88b17fc695a,"Jason Walker",2023-04-13,Tajikistan,57.95,410.51,1,2023-07-16
b74d0fb1-32e7-4629-8fad-c1a606cb0fb3,"Julia Wilson",2023-05-20,"Syrian Arab Republic",104.66,239.86,1,2023-05-23
de8a774b-cf36-458b-8737-819096da1dac,"Ruben Baird",2022-01-06,Ecuador,99.71,215.98,1,2022-11-27
b2b9437a-28df-4ec4-8e4a-2bbdc241330b,"Charles Lee",2022-11-25,Nepal,154.88,383.01,1,2023-01-30
371ecd7b-27cd-4130-8722-9389571aa876,"Sherry Shields",2023-08-17,"Falkland Islands (Malvinas)",197.32,287.06,1,2023-10-30
6142ea7d-17be-4111-9a2a-73ed562b0f79,"Sarah Morgan",2022-03-17,"Solomon Islands",239.7,161.65,1,2022-07-01
9a8dca03-580d-4b71-98f5-64135be6128e,"Samantha Campbell",2022-07-25,"French Southern Territories",224.53,256.03,1,2023-07-19
60e7a113-ec1b-4ca1-b91e-1d4c1ff49b78,"Joshua Reed",2022-03-03,Mexico,289.3,172,1,2022-09-22
a0ee89ae-d453-4d32-8b0d-bb418d5288f1,"Jamie Cantu",2023-04-26,"Trinidad and Tobago",75.55,471.71,1,2023-05-19
93cd59bf-5c94-4cf0-9c98-d2c1e2acf72f,"Michael Armstrong",2022-05-30,Djibouti,74.18,231.6,1,2023-01-02
a9488d99-0bbb-4599-91ce-5dd2b45ed1f0,"Jennifer Flores",2022-06-27,Lebanon,200.93,378.79,1,2023-08-09
146d3f31-fc37-4a4c-8a15-544dc5e7ce8a,"Roberta Hughes",2023-10-27,Panama,232.43,452.58,1,2023-12-11
614ff3d7-19db-4ad0-9dd1-dfb23b982ef8,"Marissa Hernandez",2022-08-04,Argentina,81.21,237.75,1,2022-10-15
5d65a441-d588-42de-a2bc-372f7412b293,"Vincent Rivera",2022-05-07,Bolivia,69.7,185.66,1,2023-07-20
ab9099a4-35a2-40ae-9af3-05535ec42e08,"Jessica Fox",2022-07-27,Korea,257.35,300.59,1,2023-10-06
88bd6407-2bcf-4e01-a28d-efe39bf00273,"Richard Baker",2023-07-21,Niger,194.34,274.81,1,2023-07-26
6123fdf7-7656-4f72-a9d4-beef3eabedcb,"Marie Christian",2022-07-29,Timor-Leste,61.46,484.29,1,2022-11-07
b02b61c4-a3d7-4628-ace6-6fa2fd5166e6,"Kimberly Finley",2023-03-09,Nigeria,243.27,182.51,1,2023-06-09
d7c524a5-5304-417f-af42-e12f3838b326,"Olivia Brennan",2023-08-20,Argentina,263.83,463.03,1,2023-09-24
448aaa9e-66b2-4c5b-90c1-87fcce177b4e,"Nicole Hamilton MD",2022-02-21,"Norfolk Island",208.92,183.63,1,2023-12-13
a7cad415-366e-416f-908e-bad7b7c93acf,"Amber Flynn",2023-01-23,"French Polynesia",102.38,155.84,1,2023-06-26
a491f0b2-ea1f-4a65-a27a-984d654821d0,"Jeffrey Sanchez",2022-12-23,"Isle of Man",225.46,237.78,1,2023-05-22
3f22faf8-23be-401d-83cf-2fde24933b83,"Rebecca Jackson",2023-08-02,Belgium,202.28,323.88,1,2023-12-06
bf3c4c06-4343-48bc-89fa-6a688fb5d27b,"Janet Vega",2023-03-31,Luxembourg,183.53,337.37,1,2023-04-10
663f1c97-9562-49f0-a5d7-b8756dadd6c7,"Briana Murray",2022-10-09,"Equatorial Guinea",90.85,311.98,1,2022-12-31
0c0fd195-c17a-408a-9745-d6d87e570ddf,"Megan Moore",2023-10-31,Kenya,104.9,314.52,1,2023-11-10
10435a10-98ae-4334-ac12-ace8ae340454,"Joyce Turner",2022-10-26,Hungary,107.26,185.87,1,2022-11-02
77d21e02-ff01-4f99-988c-24c961b1cd22,"Ashley James",2023-02-15,Guinea-Bissau,251.26,386.93,1,2023-03-18
dc5c0eed-8da0-465b-b898-97b9405cacec,"Wendy Phillips",2022-01-09,Switzerland,116.94,384.8,1,2022-04-09
b8db0672-f42d-47cc-80d4-af5974273ca3,"Colleen Lee",2023-11-12,"El Salvador",148.91,196.43,1,2023-11-23
8026695f-f8cd-488b-836d-76e2b83cfe0b,"Michelle Hopkins",2023-08-15,Taiwan,85.72,380.14,1,2023-08-23
1b3dbd5c-e9a1-4a6f-81f7-6d1c2dbc2134,"Brent Burton",2023-11-08,Armenia,111.66,407.94,1,2023-11-15
a39231a7-d777-4477-8c66-e0a8a013ac6e,"Jeremiah Riley",2023-01-30,"Saint Martin",184.74,189.73,1,2023-05-31
c754108f-f418-4f3f-8a14-be62295b4715,"Carlos Ryan",2023-12-18,Haiti,149.85,456.51,1,2023-12-19
99546eb4-0025-4ad1-ab22-63dd87c5421e,"Susan Rivas",2022-09-09,"Equatorial Guinea",299.33,349.13,1,2022-11-23
edd96831-1ca3-4cfb-84fc-6d827d154385,"Terry Coffey",2022-10-09,"French Polynesia",177.38,473.8,1,2022-12-18
ce88cb2d-d4e8-4839-bc3e-058be0f3eab0,"Gina Wilson",2022-08-27,Belarus,238.95,320.03,1,2023-11-02
e0c53cb8-3da9-42a9-8ed4-2f1a3d4cbf37,"Vincent Dalton",2023-03-17,"Saint Kitts and Nevis",88.21,301.5,1,2023-12-25
c2b6d2c5-fa5d-4100-91b7-e948d0e6e660,"Richard Smith",2023-02-18,Martinique,199.1,152.01,1,2023-05-30
43dac043-2a45-42ab-8cbf-edb0f264accc,"Samantha Bentley",2023-02-14,Botswana,182.28,328.02,1,2023-04-04
badcc32a-c159-4f53-8a0f-4efbedcd465e,"Suzanne Walker",2023-06-20,Bahrain,220.07,323.92,1,2023-10-23
e64d1bcb-7027-43a1-9f98-7c71a65e688e,"Charles Shah",2023-02-07,Gabon,237.72,476.27,1,2023-07-05
122c9a56-01d7-4256-b860-2ab696a402f2,"Laurie Barber",2023-07-04,"Turks and Caicos Islands",288.45,232.97,1,2023-09-09
114125c6-3a9b-4dd4-8f12-59e0a18ff6b6,"Brett Burns",2023-12-05,Ireland,292.97,386.05,1,2023-12-17
1223b513-5496-463c-9c11-10c1080aadfb,"Diana Vaughn",2023-02-04,Cuba,176.92,495.22,1,2023-03-04
ef7ddc76-b92d-422b-a1df-306f8a0b3c33,"Mrs. Stephanie Newman",2023-11-17,Bahamas,260.42,299.15,1,2023-11-30
3e351128-7900-47f9-9382-9b43922fe15a,"Colton Martinez",2023-09-02,Thailand,202.24,236.24,1,2023-10-25
30beb45f-6835-44f2-8eb8-1f9d7914c120,"Anna Lewis",2022-03-15,"Northern Mariana Islands",143.48,436.15,1,2023-08-23
baa4b71a-dd24-47ac-b78e-edb3693dffbc,"Rachel Harris DVM",2022-02-12,Mexico,279.62,276.38,1,2022-03-19
a56c0941-fbf2-4050-a748-dbcfac619e63,"Daniel Kane",2022-03-18,Greenland,131.04,291.65,1,2022-11-12
56dc8907-ba6c-44ab-a712-303a0f844fef,"Rachel Carlson",2023-09-14,"Falkland Islands (Malvinas)",77.97,202.4,1,2023-09-28
310c0c00-3fa7-4104-9bf9-0e27dc96925e,"Brianna Anderson",2022-05-28,"El Salvador",269.68,293.22,1,2023-01-19
6c006f61-23e2-4cb4-b2d8-567d894a05e4,"Ashley Delacruz",2022-05-23,Bulgaria,109.86,179.99,1,2022-07-28
dc815fe7-ceda-4bbb-b171-0434134c6c92,"Derek Martinez",2023-10-27,Italy,71.41,232.03,1,2023-12-05
a6f2f7b8-0cf3-4b58-9910-8be58ce21ea3,"Nichole Alvarez",2023-02-24,"Slovakia (Slovak Republic)",254.01,437.53,1,2023-05-02
17e011b7-f810-4383-83c7-2ba8d605e770,"Kevin Hayes",2023-12-21,Cyprus,241.46,183.12,1,2023-12-24
dd59ba71-36b8-4481-bb3a-4e3e7c52fa17,"Elizabeth Schneider",2022-11-08,"Antarctica (the territory South of 60 deg S)",91.28,419.43,1,2023-04-26
610461e3-2a25-4888-8f02-bad0e7067ef4,"John Morales",2022-01-02,Poland,268.11,175.17,1,2022-01-24
ed3049cf-43e4-48fc-a3f2-ae24fc3d3348,"Micheal Wallace",2023-09-02,"United Arab Emirates",291.09,352.06,1,2023-11-03
c88a618e-fed4-457d-bb02-6576f512c4c3,"Lauren Joseph",2023-03-08,"Hong Kong",228.24,183.79,1,2023-03-10
27a0c3d7-7c96-4f79-b7e9-9acaa97065e1,"Kerry Chavez DDS",2022-05-28,Bolivia,298.79,425.75,1,2022-11-23
0ef8c2d6-f7fd-4646-b7bb-3eec4bf50b52,"Ashley Pena",2023-03-26,Turkey,159.53,397.66,1,2023-04-21
bf7b539b-0f9a-4a4b-8acd-4e10bc594585,"Michelle Lewis",2022-09-01,Korea,162.87,355.16,1,2022-12-18
7a0ecfea-958c-49ba-8cd6-20c20ea2622b,"Jennifer Wilcox",2023-01-26,Iran,106.17,432.48,1,2023-11-18
284d82e5-87f7-41fb-9a4b-d9caeb5cf467,"Brandon Simmons",2022-02-14,"Papua New Guinea",55.26,151.67,1,2022-06-07
d9f195d0-1482-4f53-8201-0c62f5f59b22,"Troy Mcdaniel",2022-05-25,Lebanon,107.53,486.31,1,2023-06-19
acdabacc-1165-4210-9854-3881118a9d29,"Ronald Davis",2023-11-01,Bhutan,51.8,351.49,1,2023-12-28
f10c718b-1eb0-438a-a75d-d5af3c365296,"Jacqueline Anderson",2023-11-23,Bahamas,107.24,321.08,1,2023-12-20
ef48e8d5-50fd-4d3f-85d5-169590b2b633,"Michelle Schmitt",2022-07-22,Nepal,217.24,428.46,1,2023-12-02
506e5a9a-b758-488d-ab73-295b344a54b8,"Brian Romero",2022-07-05,"Cape Verde",184.81,414.62,1,2023-08-22
abf3e3fc-2181-4d25-a552-38a643ff5011,"Courtney Rodriguez",2023-05-17,Tanzania,194.05,383.92,1,2023-05-23
edd4253b-50f0-4d0a-b50c-ab754ccc9bc2,"Ashley Ramirez",2023-08-07,"Czech Republic",246.15,219.14,1,2023-11-21
19985f15-ff00-4d4d-9020-59e4ff9ab5c2,"Megan Hawkins",2022-02-26,Netherlands,214.75,429.34,1,2022-10-17
43e42caf-8181-48cc-b691-47eb89a2688b,"Sandra Adams",2022-04-13,"Cocos (Keeling) Islands",155.89,264.26,1,2022-06-19
119c4ea3-e180-4081-9958-a499eeea163e,"Phillip Dorsey",2023-11-14,Guernsey,265.96,312.26,1,2023-12-02
286218b8-48f4-4f12-9e99-53d23e896c64,"Sergio Knight",2022-12-07,Iran,218.34,259.22,1,2023-06-17
4d71c366-b41b-4143-8b10-550cd5704f32,"Patrick Bonilla",2023-04-21,Bermuda,65.15,331.92,1,2023-04-25
f05db76e-1a84-451a-a9d3-d7c7ee87905e,"Angela Williams",2023-11-14,"Cayman Islands",184.07,221.52,1,2023-12-06
e3c43657-1d8c-4bac-83b4-09ef2260e70f,"Amber Miller",2022-03-25,Kenya,155.47,487.11,1,2022-04-01
45b89cd9-27cb-4f2a-8da0-1097be0f051b,"Karla Ramos",2022-08-07,"Faroe Islands",165.66,337.31,1,2023-03-28
57c700aa-b7b5-4ea7-b5eb-d32d9ad620ab,"Jose Reed",2022-06-08,"Bouvet Island (Bouvetoya)",160.78,468.16,1,2023-09-14
439472e6-da58-4e8a-a25d-6b29afffcfd2,"Michael Tucker",2023-01-28,"Papua New Guinea",74.48,358.51,1,2023-04-25
e87d1c78-e7c4-41c7-8049-7b717d106c60,"Daniel Joyce",2023-10-20,Azerbaijan,259.01,252.08,1,2023-10-25
6c6f7633-a260-4723-97a0-df490d01280f,"Eric Clark",2023-10-07,Burundi,281.59,318.03,1,2023-10-15
13432e61-1ca3-4448-8279-b6a68f9797b0,"Scott Williams",2023-11-17,Andorra,144.74,349.18,1,2023-11-21
8babce3b-2628-4bfb-a767-dceab0e6a969,"Blake Edwards",2022-01-28,Japan,116.3,428.85,1,2022-05-10
8d7248e2-951f-48d0-9e84-f058d5a804eb,"Michelle Butler",2022-04-26,Brazil,121.31,197.63,1,2022-09-02
4eea04e7-0ab5-4bde-a0a0-45026e068097,"Vincent Jackson",2022-10-11,Yemen,215.47,336.41,1,2023-01-19
5a8aaeca-1a50-4ec3-aabc-25fa3fe12e47,"Jennifer Collins",2023-08-29,Guadeloupe,194.8,151.75,1,2023-11-06
6808593f-dfed-4c43-a256-a6dc8f5486b7,"Richard Jones",2023-04-28,"Norfolk Island",65.24,339.25,1,2023-06-25
ee0caeb5-ecfe-4b99-a790-cebdbfddc3d9,"Jordan Bullock",2022-07-03,Guernsey,64.29,132.11,1,2022-11-08
ccc56569-f9e8-4369-a999-b735dd56cc94,"Tyler Brewer",2023-09-22,Cameroon,169.2,485.22,1,2023-10-02
c84a7b28-550a-4b46-acab-3301bc8f7d29,"Peter Jones",2023-12-24,Zambia,70.03,247.17,1,2023-12-26
df465290-61ee-411a-9bac-27a7b386f7a4,"Lori Lin",2022-01-31,Nigeria,150.94,257.76,1,2023-09-07
33173470-38f1-4a81-b87f-2425dbccc477,"Jeremiah Harrison",2023-09-27,Niue,111.55,497.08,1,2023-11-10
39118497-3a43-42ba-9f0f-06cbcb9bc326,"Joel Johnson",2022-01-19,"Heard Island and McDonald Islands",154.81,189.11,1,2022-07-10
c5f8bc16-f786-4b50-91c5-8ef0dd463c09,"Kirk Cruz",2022-08-05,Morocco,283.68,123.21,1,2023-04-22
6651529e-8268-490b-a438-25b559e4b671,"Rebecca Huang",2023-06-12,Korea,217.43,294.46,1,2023-07-14
42deffcc-f86c-4ca2-a085-96db1d870966,"Chris Brown",2022-05-19,"Bosnia and Herzegovina",82.72,142.56,1,2023-01-15
43f59a85-fbc9-487a-b668-a61794a1875d,"Sara Haas",2022-01-30,Belize,164.31,317.46,1,2022-08-10
587ef344-6f3f-420c-98b8-e4cc1bc044fc,"Carrie Wright",2023-07-20,Kazakhstan,52.33,161.71,1,2023-08-03
9b3080d5-6fb7-4271-904d-281fc9535b63,"Kelly Bishop MD",2023-02-02,"United States Virgin Islands",299.61,285.08,1,2023-04-28
939b462d-e645-4129-a29c-2ae31d9af659,"Jason Morgan",2022-05-28,Nepal,68.32,225.62,1,2023-04-07
6fa17735-b572-43d0-8b5c-ea6a41357e8c,"Mark Cook",2022-01-02,Greenland,176.47,438.91,1,2022-04-20
89d7fd6c-ce77-4f00-acf2-7e7685197ff4,"Michael Mitchell",2023-06-18,"Saint Kitts and Nevis",283.31,416.78,1,2023-09-30
bcae8081-bdf0-40aa-b0b5-156bb82c9074,"Tracey Morrison",2023-06-05,Canada,269.82,366.05,1,2023-08-20
11e9cdaa-6e69-41a3-9d3d-9e563270e4fa,"Kevin Thomas",2023-05-31,Guernsey,121.25,377.44,1,2023-06-15
e6697833-b841-40a0-9fe7-71d6d9178793,"Teresa Collins",2022-08-22,Honduras,202.92,378.05,1,2023-07-11
8dedf9fb-4bb0-4f20-b27c-40266703b636,"Nancy Jennings",2022-04-09,Mali,124.84,471.34,1,2022-08-23
f0bbac67-aa38-40a1-aba2-5efe311c6eb6,"Michael Romero",2022-10-22,Andorra,284.73,229.08,1,2023-03-28
2c8d0e44-e71e-43a6-bf85-bf0ead64b56c,"Christopher Lewis",2023-04-24,Yemen,116.12,195.57,1,2023-05-02
8c459ce2-67f4-4ad5-8d0b-0d1a91b0e1d9,"Cheryl Cooke",2023-10-10,"Cape Verde",235.6,456.66,1,2023-10-19
35ce8841-4973-4d6c-8dca-bfb7001a9a8b,"Ryan Garcia",2022-11-30,"Sierra Leone",118.09,160.82,1,2023-01-28
a79ac9aa-9b4e-4c24-9479-e1e6c9277d9b,"Nancy Rose",2022-09-08,Panama,102.66,432.88,1,2023-11-22
acf5e81e-7131-4269-b118-e36477097749,"Ralph Anderson",2022-06-15,Honduras,100.9,354.8,1,2023-01-13
e6b3c944-cb32-4e35-b922-bac282dc4c8e,"Christopher Schwartz",2023-09-11,Niger,176.35,419.25,1,2023-09-22
15b52908-a8aa-4158-ab70-e525bc67f831,"Carol Kim",2022-08-09,"Isle of Man",276.33,128.33,1,2022-12-20
9e87e04c-a208-4977-a9f2-533683f4a9a9,"Nathan Montes",2022-09-18,"New Caledonia",73.07,103.76,1,2022-12-03
c04a96c4-f3b6-4fe1-9184-332417e8392a,"Paul Cole",2022-07-02,"Marshall Islands",257.34,403.45,1,2023-06-25
ce7ae7f6-3982-4cff-8f77-a665ac3c5640,"Vincent Mueller",2022-06-04,"United Kingdom",50.89,334.3,1,2022-06-24
3eae0032-0bd4-4990-8640-be0f25b8fd4b,"Holly Valentine",2023-01-05,Kazakhstan,209.28,251.94,1,2023-02-25
12a4def0-c4bb-47a9-9988-68dd9c7c7377,"Douglas Reyes",2022-12-20,Malta,90.4,452.25,1,2023-02-13
935f2b0a-a138-4ddc-a2d9-de5d6a18ce4c,"Christopher Gonzalez",2022-06-01,"Netherlands Antilles",187.92,239.33,1,2022-09-17
7e8f8095-624c-49b6-b244-45a7b7e58481,"David Davidson",2022-11-07,Tunisia,190.23,499.47,1,2023-08-12
b00805cc-a7f3-4ae9-a5c7-3c443e75c3b4,"Timothy Dawson",2022-01-05,Malaysia,68.81,212.34,1,2023-02-20
c521bf2d-dc45-4539-803f-3538e4855aa1,"Dominique Hines",2023-11-19,"Faroe Islands",186.4,255.62,1,2023-11-27
3805f907-6cd6-4193-8746-8f591b494e15,"Jose Guerra",2022-05-17,Bermuda,195.63,374.62,1,2022-07-24
8498e113-b227-462c-b53d-4330cdda24ba,"Courtney Hayes",2022-12-27,Guernsey,157.45,383.09,1,2023-04-21
eadf5085-3fcb-4546-8eb2-25790cdb1ca4,"Jennifer Sanders",2023-10-21,"Holy See (Vatican City State)",127.06,243.06,1,2023-10-25
cd29a36f-2222-42e1-b4da-aebf1f115b76,"Zachary Brooks",2022-12-27,"Antarctica (the territory South of 60 deg S)",274.73,241.35,1,2023-01-13
e4347d51-c158-4092-b335-cba3513a7052,"Brenda Mitchell",2022-12-10,Switzerland,138.42,363.97,1,2023-06-02
8c41561b-e827-41b9-94a0-2e536d3ee1dc,"Aaron Miller",2022-12-13,"Equatorial Guinea",293.46,367.8,1,2023-12-11
dc8aee30-be60-43f7-a8be-9288e5af6e39,"Chase Bentley",2023-01-04,Netherlands,281.44,481.72,1,2023-01-30
c715b2b9-c40c-4d91-86fd-e062a33dc7af,"David Fowler",2023-02-09,Niger,270.35,150.04,1,2023-04-06
464c04af-3d3f-4799-a072-95e97c0e8cd8,"Brian Stein",2022-12-08,Nauru,94.84,341.66,1,2023-02-01
3c07c574-4925-4af1-b6aa-e05b13d5f2f7,"Lynn Andrews",2022-07-31,"Saint Barthelemy",245.6,459.32,1,2023-01-31
8a476a87-e49d-481d-91d8-7c6455fa1ab8,"Jeffrey Mendez",2022-03-04,"Dominican Republic",250.56,349.94,1,2022-05-25
10714d51-36c5-4dac-b4d7-e28e271e3ee2,"Andrea Fox",2022-11-19,Macedonia,145.64,197.87,1,2023-01-25
7746d0ba-8ae8-405b-94b4-a48268586eba,"Katie Smith",2022-11-19,Tunisia,264.65,474.21,1,2023-09-06
6b8e869f-d538-4b0e-b4f3-193c0ff0a55c,"Mark Zavala",2022-10-30,"El Salvador",99.89,444.43,1,2023-04-19
f2311f17-9586-4a76-8511-55ffe7a37e81,"Heather Jones",2023-06-25,"Dominican Republic",137.41,483.43,1,2023-10-09
c3fe0183-e172-4725-9b52-ca5805000bc6,"Lori Ingram",2023-03-24,"Saint Pierre and Miquelon",105.73,473.69,1,2023-05-05
f1578470-0182-47c4-ba1b-58066160a6b4,"Brandi Bell",2022-10-01,Guadeloupe,149.62,157.37,1,2023-12-06
da7b9095-63d6-4a39-80e3-befd4c71e0fe,"Carrie Maxwell",2023-11-24,"Kyrgyz Republic",266.09,295.55,1,2023-12-20
89c8d2ab-6b44-4a8d-95f2-5073f41402b1,"Mrs. Catherine Taylor",2023-08-04,"Saint Barthelemy",137.79,400.41,1,2023-08-06
560c95ee-638c-454c-876e-2bba7c5308bf,"Virginia Daniels",2023-06-04,"El Salvador",78.84,127.64,1,2023-09-11
20ac3703-eb67-446a-b7a6-e17cd72b6108,"Sharon Rivera",2023-04-29,"British Virgin Islands",59.56,320.2,1,2023-06-20
64de82e6-e82c-4d7b-86e7-45f988bc539c,"Jessica Ross",2023-04-05,Kazakhstan,158.64,376.29,1,2023-10-31
157d94a1-06f0-48ff-a9ba-5a27907bfe36,"Jasmine Beltran",2023-05-15,Luxembourg,159.1,330.03,1,2023-06-02
7631de9d-dde9-4863-a2bd-33886db99102,"Holly Salinas",2022-05-22,Ethiopia,78.91,351.49,1,2023-01-01
53cd6268-610c-4373-8299-9aa40cdf742b,"Monica Miller",2022-06-14,"Netherlands Antilles",97.52,272.52,1,2022-07-28
c2dff335-5666-4f9f-93ac-2ab974672cd9,"Catherine Carter MD",2023-11-15,Greece,227.2,474.07,1,2023-11-22
f3821cfd-c083-473a-873b-d358610e6a64,"Elizabeth Morrison",2023-10-09,Japan,179.98,228.31,1,2023-11-20
0d557b61-8a17-4dfe-bfc0-0dc804f64d86,"Heather Bolton",2022-09-29,"Falkland Islands (Malvinas)",141.06,137.05,1,2022-10-01
c7fee39f-1190-4938-a66f-d7f739669fa7,"Rebecca Brown",2023-05-22,Paraguay,287.22,123.26,1,2023-08-01
ab61a7b1-793b-4c32-a050-04943d114802,"Amanda Jones",2022-03-30,"Slovakia (Slovak Republic)",176.78,476.38,1,2023-10-06
770c7798-37cc-463b-b2a0-345990604f62,"Heidi Herring",2023-06-28,"Antigua and Barbuda",131.55,377.46,1,2023-08-08
2af43ab7-5e6f-4a07-8453-6f1d41992fdf,"Meghan Rush",2023-04-16,"Holy See (Vatican City State)",188.6,489.36,1,2023-07-13
f6f7f0cc-29ec-4e49-91bd-b8c0c71d5e60,"Matthew Wright",2022-08-30,Brazil,219.33,415.45,1,2022-09-07
edcb8cb6-0692-4c63-9424-aed51bac5c15,"Cody Holmes",2022-08-31,"United States Minor Outlying Islands",203.88,152.61,1,2022-09-02
f54ad0a2-e874-46d7-ad66-a1bd93676a02,"Deborah Green",2022-10-19,Kiribati,151.52,231.43,1,2022-11-25
32c5bd89-b70b-4420-b104-3785658b2523,"Logan Benson",2022-03-01,Liechtenstein,125.97,357.3,1,2022-06-24
0a8381be-c85a-4a46-90e0-f4a0fbdd3933,"Joshua Vance",2022-09-27,Thailand,218.91,245.36,1,2023-02-20
e43e4288-a2b5-4498-9cb8-5aedf5f62c97,"Jackie Lara",2023-10-06,Mexico,133.8,398.16,1,2023-10-18
a6846099-f729-4951-8591-31d2bbda0242,"Dr. Kelly Hammond DVM",2022-07-29,Barbados,251.64,413.86,1,2022-10-09
89c5b31a-eb6c-4016-8ee6-24d09dac6e83,"Evan Jones",2023-08-25,"Lao People's Democratic Republic",56.11,261.1,1,2023-12-21
da09dfa0-5282-4d80-84b5-91f797ac6aa8,"Laurie Saunders",2022-07-10,Bulgaria,262.43,458.47,1,2023-02-13
76f72255-c01f-46bf-be6d-d58b7367c28d,"Elizabeth Martin",2023-03-19,Vietnam,98.61,349.33,1,2023-09-13
561e16d1-6105-416b-ab0e-664e9c3eb2d5,"Hannah Everett",2022-01-23,Ukraine,173.59,107.28,1,2022-12-15
2e8d0e87-5334-40e6-99d8-0b8d7e8adee7,"Blake Gonzalez",2023-01-14,Zimbabwe,86.89,400.61,1,2023-12-15
4223623b-cc3e-4dde-9ad5-cf06364d7c87,"Beth Turner",2022-09-22,"Marshall Islands",273.16,155.76,1,2023-07-05
b380c73a-989d-4d4a-a15c-a6664797b2c9,"Martin Vargas",2023-11-15,Morocco,244.61,278.92,1,2023-12-22
8441aefd-0299-436a-8e48-522346b98991,"Matthew Le",2022-05-29,"Netherlands Antilles",93.97,306.63,1,2023-11-10
680bac63-b856-4035-bdc9-829015eabb27,"Thomas Williams",2023-01-15,Tonga,166.14,212.78,1,2023-06-28
b0cbc61f-3d85-4e89-8217-14298e200724,"Angel May",2023-01-05,Montserrat,112.3,289.56,1,2023-05-10
72bb912d-7da6-4785-b63b-4dc3a559e463,"Daniel Armstrong",2023-09-08,Nicaragua,164.12,330.24,1,2023-09-13
38ba8abc-4b53-45e5-97d2-582e046a0df5,"Kathleen Burton",2022-11-11,"French Guiana",216.89,163.31,1,2022-11-12
a9f948b2-4e63-44bb-be49-3f43b118f68d,"Elizabeth Sanchez",2023-03-28,"Sri Lanka",198.86,165.05,1,2023-03-28
87ea7ff5-8db0-4746-b927-99735e781fd7,"Elizabeth Jones",2022-09-25,Bahamas,203.16,182.58,1,2023-02-06
8ce6424d-bef5-4fe6-bf23-3d5f6cedd15d,"Jason Marshall",2022-09-14,Guam,156.69,270.83,1,2023-05-29
455ac762-7428-4656-b3ee-4d3b5a104129,"Emily Higgins",2022-08-27,"Saint Martin",161.48,399.2,1,2023-03-08
b8a6171f-1ee3-4dc4-bb04-8a8b405bfdc9,"Haley Ross PhD",2022-05-30,Malawi,235.91,290.16,1,2022-12-12
3764fbda-3108-4448-af65-fafab0ae8f08,"Charles Williams",2023-07-28,Yemen,259.97,430.62,1,2023-09-17
96ef2ad6-b97e-4703-86c8-adfe7bf47042,"Luis Wright",2023-08-14,Tonga,241.45,229.03,1,2023-09-08
3a3c563e-4bd6-4ee6-b1b1-b099d52721e7,"Phillip Jimenez",2022-10-08,Malawi,118.65,183.36,1,2023-11-30
b540b30e-039f-4a25-8d61-68bd2defe193,"Shawn Jimenez",2023-02-19,Bermuda,228.39,335.95,1,2023-08-18
f96b648a-0ba6-4ab9-8639-447b2067bdac,"Kathy Levy",2022-02-12,Cuba,117.93,366.37,1,2022-03-29
f1afdb65-b289-4224-8ac9-778d8da8eee4,"Amber Campbell",2022-04-09,Nauru,273.26,236.25,1,2022-06-22
2f32751e-5738-411d-b0c2-903f7a8d03aa,"Pamela Diaz",2022-02-09,Iran,226.6,465.96,1,2022-03-11
7a4c75d4-dc99-404c-b0e9-8b3b40a26c60,"Justin Cox",2022-03-30,France,153.72,140.05,1,2022-07-18
7de31a51-6694-4343-90ba-58e3d2762bdc,"Jonathan Duran",2022-02-27,Fiji,185.65,112.44,1,2022-08-03
f2f9e5fa-9016-4161-8fa7-01cd2631d00b,"Jennifer Norton",2022-08-24,Guadeloupe,147.37,308.2,1,2023-01-20
989bc4da-9b37-422b-aa8a-616fc3b290d0,"Kathryn Williams",2023-09-07,Burundi,264.18,201.91,1,2023-09-20
85c7504b-c693-4a11-b9c6-a1ca9e50aa42,"Regina Stone",2022-10-23,Canada,145.1,186.66,1,2023-03-08
4c1f55ab-7156-49ee-a893-be3d7354ea6f,"Kaylee Murphy",2023-10-31,"New Caledonia",285.69,237.94,1,2023-11-14
4e2d6645-6dc7-4ac7-bd72-b05096a9954f,"James Jensen",2023-03-18,Tajikistan,238.37,266.35,1,2023-09-23
f5c9b047-9c10-4572-8f6b-40d09efba58b,"George Clayton",2023-07-29,"Marshall Islands",184.56,324.2,1,2023-12-19
14c8b3b4-a911-4192-83bf-d9313605bf54,"Veronica Silva",2022-05-02,"South Africa",172.06,230.3,1,2022-09-13
1337739e-8d4f-4d27-ac7f-0b793d67cde9,"Shelby Soto",2022-05-02,Nauru,158.96,123.66,1,2022-07-19
b07aa066-7354-45ea-a894-9b8d00af5b3a,"Walter Patton",2023-04-07,Singapore,147.21,428.14,1,2023-05-29
dc0f2fcf-b3f6-4e0d-8860-3b32b4fb0eb9,"Mark Harvey",2022-12-19,Tajikistan,279.89,238.26,1,2023-02-03
ec856f37-3bc1-4987-aff8-754d1238d630,"Roberto Allen",2022-07-25,Montenegro,183.53,392.88,1,2022-10-13
96fc734d-a003-4d28-8a8f-3653c9af18f8,"Ashley Smith",2023-05-29,Germany,197.97,371.53,1,2023-09-20
6cd5e859-32a4-47b2-af04-e57dcdccc33a,"Jason Harris",2022-03-31,Macao,70.99,418.75,1,2022-05-13
26242b40-a5cb-43a2-b98d-1ca68b6870b5,"Tami Salas",2023-12-07,"Saint Pierre and Miquelon",83.92,148.37,1,2023-12-07
1247ea4e-2469-48e8-939e-198b44007d5a,"Michele Stone",2022-02-16,Moldova,95.43,199.92,1,2022-03-31
49e2623d-ebd3-4616-91b7-8d8ed3016989,"Julia Patel",2022-12-08,Mauritius,163.67,458.16,1,2023-01-23
801ef1da-45b1-4d25-b153-3ae8670acc5c,"Deborah Washington",2023-02-24,Egypt,119.56,188.79,1,2023-07-30
5283aac7-bc0a-4a5d-ae99-6e3ee3b137fc,"Michele Vaughn",2023-04-14,Liechtenstein,167.58,274.96,1,2023-11-22
3a9aca5e-1761-42ed-869f-14f140181c6e,"Gregory Peck",2023-06-08,"South Africa",63.02,101.59,1,2023-11-03
d248a9a7-ac1a-4554-83c7-5611ffe3fa49,"William Cardenas",2022-07-29,Zimbabwe,245.31,389.1,1,2022-11-05
c19ad58c-c35b-4c8c-8a4c-9f7f9384ec2b,"Brianna Williams",2022-05-17,Zimbabwe,238.56,322.96,1,2022-09-14
7135f221-a6c9-437f-84da-d06a7872bdeb,"Hannah Ramos",2023-12-13,"Equatorial Guinea",99.84,432.87,1,2023-12-13
95d82980-ff37-419c-ae76-128b473544f9,"Cindy Clayton",2022-12-05,"Faroe Islands",205.33,224.24,1,2023-09-27
292bd156-db94-4570-9ac7-0ec0ab8ddeb4,"Margaret Williams",2022-09-14,"Isle of Man",166.26,119.44,1,2022-11-30
49c8a43f-7ed7-4ed7-b194-990b6961929e,"John Maldonado",2023-05-30,Burundi,241.72,178.78,1,2023-08-09
c2b01cfd-d045-4d1c-a684-09e3f1f8343e,"Joshua Hickman",2023-03-04,Ireland,201.47,499.79,1,2023-08-25
50843242-168b-4625-b46f-78910964fbbf,"Shirley Alvarez",2022-07-16,Pakistan,244.45,409.48,1,2022-07-22
fcf56188-d32e-4dcd-83bc-9478dd6ac7b8,"Randy Pearson",2022-01-01,Djibouti,194.67,271.83,1,2022-07-08
5c9d927d-84b8-41bb-b005-68d20de051a6,"Jennifer Monroe",2023-04-29,Vietnam,149.16,445.88,1,2023-06-08
